<?xml version="1.0" encoding="utf-8"?>
<selector xmlns:android="http://schemas.android.com/apk/res/android">

    <item android:state_pressed="true" >
        <shape>
        	<gradient
                android:startColor="#cacaca"
                android:endColor="#d5d5d5"
                android:angle="270" />
            <stroke
                android:width="0dp"
                android:color="#282a2f" />
            <corners
                android:topLeftRadius="0dp"
        android:topRightRadius="0dp"
        android:bottomLeftRadius="10dp"
        android:bottomRightRadius="10dp" />
            <padding
                android:left="10dp"
                android:top="10dp"
                android:right="10dp"
                android:bottom="10dp" />
        </shape>
    </item>
    <item>
        <shape>
            <gradient
        android:endColor="#cacaca"
        android:startColor="#d5d5d5"
        android:angle="270"
 />
            <stroke
                android:width="0dp"
                android:color="#282a2f" />
            <corners
                android:topLeftRadius="0dp"
        android:topRightRadius="0dp"
        android:bottomLeftRadius="10dp"
        android:bottomRightRadius="10dp" />
            <padding
                android:left="10dp"
                android:top="10dp"
                android:right="10dp"
                android:bottom="10dp" />

        </shape>
    </item>
</selector>