<?xml version="1.0" encoding="utf-8"?>
<resources>

    <string name="app_name">WebAdvisor</string>
    <string name="prompt"></string>
    <string-array name="Code_array">
		<item>ACCT</item>
		<item>AHG</item>
		<item>ART</item>
		<item>ATR</item>
		<item>BCS</item>
		<item>BIO</item>
		<item>BSG</item>
		<item>BUS</item>
		<item>CHEM</item>
		<item>CHP</item>
		<item>CHS</item>
		<item>CIS</item>
		<item>CJ</item>
		<item>CLC</item>
		<item>CLD</item>
		<item>CNS</item>
		<item>COM</item>
		<item>CRE</item>
		<item>CS</item>
		<item>CTH</item>
		<item>CWP</item>
		<item>DIET</item>
		<item>DMB</item>
		<item>ECON</item>
		<item>EDAD</item>
		<item>EDCI</item>
		<item>EDEC</item>
		<item>EDFN</item>
		<item>EDIS</item>
		<item>EDLS</item>
		<item>EDSS</item>
		<item>EDUC</item>
		<item>ENG</item>
		<item>ENTP</item>
		<item>ETH</item>
		<item>EVG</item>
		<item>EVS</item>
		<item>EXS</item>
		<item>FIN</item>
		<item>FL</item>
		<item>FLD</item>
		<item>FM</item>
		<item>FREN</item>
		<item>FSS</item>
		<item>GEOL</item>
		<item>HIST</item>
		<item>HOM</item>
		<item>HON</item>
		<item>HS</item>
		<item>HSCGH</item>
		<item>HSFH</item>
		<item>HSM</item>
		<item>IS</item>
		<item>ITS</item>
		<item>JDM</item>
		<item>LTN</item>
		<item>MATH</item>
		<item>MBA</item>
		<item>MBAF</item>
		<item>MGT</item>
		<item>MKT</item>
		<item>MSS</item>
		<item>MUSIC</item>
		<item>NTS</item>
		<item>NUR</item>
		<item>NURCH</item>
		<item>NURFH</item>
		<item>OTS</item>
		<item>PCC</item>
		<item>PHIL</item>
		<item>PHYS</item>
		<item>POLSC</item>
		<item>PSYC</item>
		<item>REL</item>
		<item>SCM</item>
		<item>SMG</item>
		<item>SOC</item>
		<item>SOCWK</item>
		<item>SPAN</item>
		<item>SPF</item>
    </string-array>
</resources>
